date,ad_id,platform,comment
2025-07-15,dynamic_synthetic_personas,LinkedIn,"Will keep an eye on this."
2025-07-16,dynamic_synthetic_personas,LinkedIn,"Brilliant idea—can’t wait to test it."
2025-07-19,dynamic_synthetic_personas,LinkedIn,"Seen similar tools before—what’s unique?"
2025-07-23,dynamic_synthetic_personas,LinkedIn,"Game-changer for the industry."
2025-07-30,dynamic_synthetic_personas,LinkedIn,"Exactly what our team needs."
2025-08-02,dynamic_synthetic_personas,LinkedIn,"Amazing solution—well done."
2025-08-05,dynamic_synthetic_personas,LinkedIn,"This will save us weeks of work."
2025-08-09,dynamic_synthetic_personas,LinkedIn,"Huge fan of this approach."
2025-08-12,dynamic_synthetic_personas,LinkedIn,"Best thing I’ve seen on my feed today!"
2025-08-16,dynamic_synthetic_personas,LinkedIn,"Interesting concept."
2025-08-19,dynamic_synthetic_personas,LinkedIn,"Love the clean execution."
2025-08-25,dynamic_synthetic_personas,LinkedIn,"Signed up—excited to dive in."
2025-07-16,autonomous_innovation_engine,LinkedIn,"Amazing solution—can't wait to try it out."
2025-07-18,autonomous_innovation_engine,Meta,"Nice concept, looks promising."
2025-07-22,autonomous_innovation_engine,LinkedIn,"Great fit for scale-ups like ours."
2025-07-25,autonomous_innovation_engine,Meta,"Just registered—hope to see ROI soon."
2025-07-29,autonomous_innovation_engine,LinkedIn,"Slick presentation, solid value prop."
2025-08-03,autonomous_innovation_engine,Meta,"Stop the buzzwords, start the value."
2025-08-07,autonomous_innovation_engine,LinkedIn,"Exactly the boost we need."
2025-08-14,autonomous_innovation_engine,Meta,"Instant follow—keep the updates coming."
2025-07-15,autonomous_desireability,LinkedIn,"Impressive demo—sharing with the team."
2025-07-20,autonomous_desireability,LinkedIn,"Curious how this works in practice."
2025-07-24,autonomous_desireability,LinkedIn,"Looks decent—need to learn more."
2025-07-31,autonomous_desireability,LinkedIn,"Not sure if this is for us, but worth checking."
2025-08-08,autonomous_desireability,LinkedIn,"Super impressive—signing up now."
2025-08-18,autonomous_desireability,LinkedIn,"Corporate jargon overload."
2025-07-17,future_corporate_rnd,LinkedIn,"Solid idea, though pricing matters."
2025-07-21,future_corporate_rnd,LinkedIn,"Looks fine—any case studies?"
2025-07-26,future_corporate_rnd,Google,"Big fan—great execution."
2025-08-01,future_corporate_rnd,LinkedIn,"Seems useful—need a live demo."
2025-08-10,future_corporate_rnd,Google,"Interesting, but what’s the learning curve?"
2025-08-17,future_corporate_rnd,Google,"Curious about integration options."
2025-07-18,chaos_to_clarity,Meta,"Another buzzword product… no thanks."
2025-07-22,chaos_to_clarity,Meta,"Looks like a waste of budget."
2025-07-27,chaos_to_clarity,Meta,"Solid pitch—shared with my network."
2025-08-02,chaos_to_clarity,Meta,"Hard pass—nothing new here."
2025-08-13,chaos_to_clarity,Google,"Love how innovative this looks!"
2025-08-20,chaos_to_clarity,Google,"Feels overhyped and under-delivering."
2025-07-19,redefine_how_you_innovate,Meta,"This seems overhyped."
2025-07-25,redefine_how_you_innovate,Meta,"Why would anyone need this?"
2025-07-30,redefine_how_you_innovate,Meta,"Feels like a workshop in disguise."
2025-08-06,redefine_how_you_innovate,Meta,"Love the data-driven approach."
2025-08-19,redefine_how_you_innovate,Meta,"Can’t take this seriously."
2025-07-14,unlock_innovation_autonomously,LinkedIn,"Love the direction you’re taking innovation!"
2025-07-17,unlock_innovation_autonomously,Meta,"Stop spamming my feed with this."
2025-07-21,unlock_innovation_autonomously,Google,"Great overview—clear and concise."
2025-07-28,unlock_innovation_autonomously,LinkedIn,"Very cool—aligns with our roadmap."
2025-08-04,unlock_innovation_autonomously,Meta,"Excited to see real-world results."
2025-08-11,unlock_innovation_autonomously,Google,"Looks promising—subscribed for updates."
2025-08-15,unlock_innovation_autonomously,LinkedIn,"This will change how we innovate."
2025-08-23,unlock_innovation_autonomously,Meta,"Fantastic—exactly what Fortune 500s need."
2025-08-28,unlock_innovation_autonomously,Google,"Thumbs-up, keep iterating!"
2025-08-30,unlock_innovation_autonomously,LinkedIn,"Could be handy, but show real numbers."
